"matterID","FirstHearingDate"
3,30/6/2018 0:00:00
4,31/1/2010 0:00:00
5,4/2/2018 0:00:00
6,14/3/2015 0:00:00
7,23/3/2014 0:00:00
8,5/3/2018 0:00:00
9,15/1/2012 0:00:00
10,13/4/2016 0:00:00
11,7/8/2017 0:00:00
12,29/6/2014 0:00:00
14,27/6/2015 0:00:00
15,20/1/2013 0:00:00
16,7/9/2013 0:00:00
19,8/4/2010 0:00:00
20,21/1/2016 0:00:00
21,2/10/2014 0:00:00
22,5/3/2016 0:00:00
24,8/9/2012 0:00:00
25,1/7/2015 0:00:00
26,8/5/2016 0:00:00
27,24/6/2019 0:00:00
28,25/2/2019 0:00:00
29,7/4/2018 0:00:00
30,21/4/2010 0:00:00
31,24/2/2018 0:00:00
32,6/3/2019 0:00:00
33,22/10/2016 0:00:00
34,23/10/2016 0:00:00
35,10/2/2016 0:00:00
36,5/11/2015 0:00:00
37,17/1/2017 0:00:00
38,24/12/2018 0:00:00
39,8/4/2018 0:00:00
40,23/2/2019 0:00:00
41,21/12/2009 0:00:00
42,10/5/2016 0:00:00
43,12/12/2015 0:00:00
44,8/11/2015 0:00:00
45,30/4/2015 0:00:00
46,3/10/2017 0:00:00
47,7/11/2010 0:00:00
48,5/10/2010 0:00:00
49,13/11/2011 0:00:00
50,
51,16/11/2015 0:00:00
52,30/1/2019 0:00:00
53,20/4/2016 0:00:00
54,10/12/2019 0:00:00
55,3/3/2016 0:00:00
56,13/4/2017 0:00:00
57,31/10/2020 0:00:00
58,8/11/2015 0:00:00
59,30/6/2014 0:00:00
60,31/12/2013 0:00:00
61,2/3/2010 0:00:00
62,22/2/2020 0:00:00
63,14/9/2019 0:00:00
64,7/4/2010 0:00:00
65,27/6/2012 0:00:00
66,24/1/2011 0:00:00
67,1/1/2012 0:00:00
68,18/1/2012 0:00:00
69,16/1/2012 0:00:00
70,8/4/2010 0:00:00
71,22/1/2020 0:00:00
72,12/9/2019 0:00:00
73,21/8/2014 0:00:00
74,16/9/2018 0:00:00
75,21/3/2011 0:00:00
76,25/2/2013 0:00:00
77,17/3/2014 0:00:00
78,27/4/2017 0:00:00
79,29/10/2014 0:00:00
80,5/4/2016 0:00:00
81,13/2/2010 0:00:00
82,5/7/2011 0:00:00
83,14/1/2017 0:00:00
84,17/7/2017 0:00:00
86,7/9/2020 0:00:00
87,4/3/2019 0:00:00
88,22/1/2011 0:00:00
89,18/6/2019 0:00:00
90,25/2/2019 0:00:00
91,5/3/2019 0:00:00
92,26/6/2013 0:00:00
93,3/3/2015 0:00:00
94,16/8/2015 0:00:00
95,30/1/2019 0:00:00
96,20/9/2017 0:00:00
98,25/10/2020 0:00:00
99,1/12/2012 0:00:00
100,26/2/2017 0:00:00
101,
102,20/10/2020 0:00:00
103,5/2/2011 0:00:00
104,31/7/2014 0:00:00
105,25/2/2018 0:00:00
106,20/10/2020 0:00:00
107,16/4/2013 0:00:00
108,22/3/2017 0:00:00
109,27/9/2017 0:00:00
110,30/5/2020 0:00:00
111,23/9/2017 0:00:00
112,25/8/2012 0:00:00
113,22/3/2017 0:00:00
114,20/6/2017 0:00:00
115,5/8/2017 0:00:00
116,21/5/2011 0:00:00
117,12/6/2019 0:00:00
118,8/2/2020 0:00:00
119,19/10/2013 0:00:00
120,14/4/2014 0:00:00
122,19/10/2020 0:00:00
123,20/10/2018 0:00:00
124,23/10/2011 0:00:00
126,9/4/2012 0:00:00
127,18/6/2019 0:00:00
128,5/6/2016 0:00:00
129,28/2/2019 0:00:00
130,11/10/2018 0:00:00
131,7/2/2019 0:00:00
132,1/11/2017 0:00:00
133,13/9/2014 0:00:00
134,1/9/2015 0:00:00
135,17/12/2017 0:00:00
136,26/7/2020 0:00:00
137,16/4/2016 0:00:00
139,4/8/2019 0:00:00
140,29/12/2016 0:00:00
141,2/7/2017 0:00:00
142,7/4/2010 0:00:00
143,19/12/2013 0:00:00
144,5/11/2020 0:00:00
145,30/1/2012 0:00:00
146,22/12/2015 0:00:00
147,30/12/2015 0:00:00
148,25/3/2019 0:00:00
149,12/4/2011 0:00:00
150,1/7/2010 0:00:00
151,1/7/2010 0:00:00
152,21/1/2016 0:00:00
153,9/12/2018 0:00:00
154,22/5/2011 0:00:00
155,5/8/2014 0:00:00
157,3/3/2018 0:00:00
158,16/5/2012 0:00:00
159,7/3/2015 0:00:00
160,27/11/2014 0:00:00
161,24/11/2018 0:00:00
162,5/11/2020 0:00:00
163,26/10/2020 0:00:00
164,5/11/2020 0:00:00
165,26/10/2020 0:00:00
166,22/10/2016 0:00:00
167,5/11/2020 0:00:00
168,26/10/2020 0:00:00
169,18/11/2018 0:00:00
170,21/10/2013 0:00:00
171,20/11/2013 0:00:00
172,4/12/2014 0:00:00
173,17/11/2013 0:00:00
174,28/10/2019 0:00:00
175,15/10/2014 0:00:00
176,20/11/2013 0:00:00
177,4/12/2014 0:00:00
178,19/11/2013 0:00:00
179,20/12/2014 0:00:00
180,22/10/2014 0:00:00
181,23/2/2019 0:00:00
182,24/11/2018 0:00:00
183,23/2/2019 0:00:00
184,24/11/2018 0:00:00
185,20/11/2010 0:00:00
186,19/9/2019 0:00:00
187,5/11/2020 0:00:00
188,3/11/2013 0:00:00
189,26/11/2020 0:00:00
190,23/11/2020 0:00:00
191,23/11/2020 0:00:00
192,26/11/2020 0:00:00
193,30/4/2020 0:00:00
194,17/4/2011 0:00:00
195,26/10/2020 0:00:00
196,3/7/2010 0:00:00
197,17/1/2011 0:00:00
198,17/2/2014 0:00:00
199,10/12/2014 0:00:00
200,27/12/2014 0:00:00
201,8/8/2017 0:00:00
202,17/10/2011 0:00:00
203,4/8/2011 0:00:00
204,27/3/2010 0:00:00
205,5/8/2014 0:00:00
207,28/12/2009 0:00:00
208,31/1/2019 0:00:00
209,1/2/2016 0:00:00
210,31/1/2010 0:00:00
211,8/2/2017 0:00:00
212,27/1/2013 0:00:00
213,9/1/2018 0:00:00
214,13/11/2014 0:00:00
215,28/12/2010 0:00:00
216,13/1/2016 0:00:00
217,1/2/2014 0:00:00
218,11/4/2017 0:00:00
219,20/7/2019 0:00:00
220,23/9/2010 0:00:00
221,5/11/2020 0:00:00
222,21/4/2016 0:00:00
223,12/6/2010 0:00:00
224,29/5/2019 0:00:00
225,30/7/2016 0:00:00
226,28/3/2011 0:00:00
227,30/5/2019 0:00:00
228,29/5/2019 0:00:00
229,17/5/2014 0:00:00
230,11/7/2018 0:00:00
231,30/5/2019 0:00:00
232,26/5/2019 0:00:00
233,27/5/2019 0:00:00
234,19/10/2017 0:00:00
235,9/2/2015 0:00:00
236,9/11/2020 0:00:00
237,25/5/2019 0:00:00
238,30/5/2019 0:00:00
239,18/6/2019 0:00:00
240,11/6/2019 0:00:00
241,9/11/2017 0:00:00
242,10/6/2019 0:00:00
243,7/4/2011 0:00:00
244,11/6/2019 0:00:00
245,12/6/2019 0:00:00
246,13/6/2019 0:00:00
247,1/7/2019 0:00:00
248,22/9/2020 0:00:00
252,4/8/2016 0:00:00
253,15/9/2020 0:00:00
254,4/1/2017 0:00:00
256,2/1/2018 0:00:00
257,18/6/2019 0:00:00
258,14/3/2015 0:00:00
259,12/11/2014 0:00:00
260,24/10/2015 0:00:00
261,3/12/2014 0:00:00
262,10/12/2014 0:00:00
263,19/3/2011 0:00:00
264,21/1/2014 0:00:00
265,24/11/2019 0:00:00
266,29/9/2019 0:00:00
267,1/10/2019 0:00:00
268,14/4/2013 0:00:00
269,18/9/2016 0:00:00
270,8/10/2017 0:00:00
272,18/6/2019 0:00:00
273,30/11/2020 0:00:00
274,9/6/2011 0:00:00
275,30/11/2020 0:00:00
276,24/5/2014 0:00:00
277,6/5/2012 0:00:00
278,4/6/2011 0:00:00
279,30/11/2020 0:00:00
280,5/2/2015 0:00:00
281,26/11/2014 0:00:00
282,18/6/2019 0:00:00
283,17/12/2014 0:00:00
284,27/4/2020 0:00:00
285,12/9/2011 0:00:00
286,29/10/2016 0:00:00
287,22/3/2015 0:00:00
288,4/10/2011 0:00:00
289,18/1/2011 0:00:00
290,22/3/2015 0:00:00
291,25/6/2014 0:00:00
292,27/4/2013 0:00:00
293,7/12/2020 0:00:00
294,28/10/2014 0:00:00
295,21/2/2015 0:00:00
296,10/12/2020 0:00:00
297,10/12/2014 0:00:00
298,7/12/2020 0:00:00
299,10/12/2020 0:00:00
300,3/12/2014 0:00:00
301,7/12/2020 0:00:00
302,7/12/2020 0:00:00
303,7/12/2020 0:00:00
305,4/6/2014 0:00:00
306,20/7/2019 0:00:00
307,7/12/2020 0:00:00
308,10/12/2020 0:00:00
309,7/12/2020 0:00:00
310,22/3/2018 0:00:00
311,21/1/2010 0:00:00
312,1/8/2016 0:00:00
313,21/12/2009 0:00:00
314,22/7/2015 0:00:00
315,13/2/2013 0:00:00
316,16/9/2014 0:00:00
317,16/9/2014 0:00:00
318,29/1/2019 0:00:00
319,8/11/2016 0:00:00
320,5/12/2017 0:00:00
321,16/3/2015 0:00:00
323,20/11/2014 0:00:00
324,10/4/2017 0:00:00
325,10/4/2017 0:00:00
326,3/5/2016 0:00:00
327,6/11/2019 0:00:00
328,10/7/2017 0:00:00
329,23/12/2018 0:00:00
330,19/2/2020 0:00:00
331,4/3/2013 0:00:00
332,19/11/2016 0:00:00
333,26/10/2013 0:00:00
334,3/12/2014 0:00:00
335,3/7/2017 0:00:00
336,14/1/2017 0:00:00
337,6/9/2010 0:00:00
338,12/9/2017 0:00:00
339,14/9/2017 0:00:00
340,9/9/2017 0:00:00
341,22/11/2017 0:00:00
342,1/8/2019 0:00:00
343,10/12/2020 0:00:00
344,4/12/2016 0:00:00
345,4/2/2020 0:00:00
346,4/2/2015 0:00:00
347,4/2/2020 0:00:00
348,24/10/2011 0:00:00
349,28/6/2014 0:00:00
350,25/9/2017 0:00:00
351,16/3/2016 0:00:00
352,24/9/2017 0:00:00
353,21/5/2014 0:00:00
354,6/2/2018 0:00:00
355,21/5/2014 0:00:00
356,28/3/2019 0:00:00
357,5/12/2013 0:00:00
358,3/12/2017 0:00:00
359,28/10/2014 0:00:00
360,9/2/2016 0:00:00
361,24/5/2011 0:00:00
362,4/12/2011 0:00:00
363,14/6/2018 0:00:00
364,18/11/2015 0:00:00
365,4/2/2015 0:00:00
366,11/4/2017 0:00:00
367,24/3/2010 0:00:00
368,19/4/2015 0:00:00
369,16/2/2011 0:00:00
370,19/9/2017 0:00:00
371,8/5/2010 0:00:00
372,13/2/2020 0:00:00
373,5/2/2013 0:00:00
374,15/12/2015 0:00:00
376,27/11/2019 0:00:00
377,23/5/2018 0:00:00
378,23/8/2014 0:00:00
379,26/12/2019 0:00:00
380,27/1/2016 0:00:00
381,25/3/2012 0:00:00
382,15/3/2016 0:00:00
383,30/5/2016 0:00:00
384,27/7/2020 0:00:00
385,30/9/2015 0:00:00
386,23/1/2020 0:00:00
387,23/9/2010 0:00:00
388,18/1/2018 0:00:00
389,11/7/2015 0:00:00
390,17/11/2016 0:00:00
391,8/11/2017 0:00:00
392,16/1/2012 0:00:00
393,5/6/2017 0:00:00
394,27/3/2012 0:00:00
395,27/8/2019 0:00:00
396,30/10/2016 0:00:00
398,14/9/2013 0:00:00
399,15/9/2013 0:00:00
400,1/2/2018 0:00:00
401,16/1/2010 0:00:00
402,27/11/2016 0:00:00
403,27/11/2016 0:00:00
404,15/10/2015 0:00:00
405,19/12/2017 0:00:00
406,26/2/2013 0:00:00
407,27/7/2016 0:00:00
408,11/1/2010 0:00:00
409,13/7/2020 0:00:00
410,23/12/2013 0:00:00
411,12/9/2012 0:00:00
412,24/3/2013 0:00:00
413,10/10/2010 0:00:00
414,25/3/2013 0:00:00
415,25/6/2015 0:00:00
416,10/9/2020 0:00:00
417,8/4/2017 0:00:00
418,8/4/2017 0:00:00
419,4/3/2014 0:00:00
420,4/3/2018 0:00:00
421,3/7/2012 0:00:00
422,16/6/2016 0:00:00
423,6/4/2013 0:00:00
424,29/1/2011 0:00:00
425,3/4/2018 0:00:00
426,1/4/2012 0:00:00
427,13/12/2014 0:00:00
429,31/10/2011 0:00:00
430,26/10/2010 0:00:00
431,19/4/2017 0:00:00
432,30/1/2018 0:00:00
433,27/2/2019 0:00:00
434,16/11/2011 0:00:00
435,9/6/2015 0:00:00
436,22/6/2013 0:00:00
437,13/1/2016 0:00:00
438,21/3/2019 0:00:00
439,7/6/2014 0:00:00
440,19/1/2016 0:00:00
442,25/11/2015 0:00:00
443,11/6/2015 0:00:00
444,21/1/2015 0:00:00
445,17/11/2019 0:00:00
446,12/12/2015 0:00:00
447,18/12/2013 0:00:00
448,21/8/2016 0:00:00
449,22/6/2019 0:00:00
450,14/1/2019 0:00:00
451,11/2/2012 0:00:00
452,1/9/2013 0:00:00
453,13/3/2011 0:00:00
455,12/3/2019 0:00:00
456,12/2/2020 0:00:00
457,13/2/2020 0:00:00
459,4/1/2018 0:00:00
460,13/12/2015 0:00:00
461,9/7/2012 0:00:00
462,19/2/2018 0:00:00
463,20/6/2012 0:00:00
464,3/12/2013 0:00:00
465,9/11/2015 0:00:00
466,9/12/2012 0:00:00
467,17/10/2017 0:00:00
468,17/10/2017 0:00:00
469,17/12/2015 0:00:00
470,12/6/2017 0:00:00
471,28/2/2019 0:00:00
472,20/2/2014 0:00:00
473,3/6/2020 0:00:00
475,3/6/2020 0:00:00
476,11/1/2014 0:00:00
477,1/1/2013 0:00:00
478,22/7/2015 0:00:00
479,24/12/2013 0:00:00
480,25/11/2010 0:00:00
481,14/1/2018 0:00:00
482,13/12/2016 0:00:00
483,27/2/2019 0:00:00
484,19/9/2015 0:00:00
485,28/7/2011 0:00:00
486,5/4/2014 0:00:00
487,5/4/2014 0:00:00
488,5/4/2014 0:00:00
489,31/10/2010 0:00:00
490,5/11/2014 0:00:00
491,12/9/2011 0:00:00
492,6/9/2015 0:00:00
493,28/9/2014 0:00:00
494,1/2/2016 0:00:00
495,11/3/2012 0:00:00
496,11/6/2015 0:00:00
497,5/2/2017 0:00:00
498,1/6/2014 0:00:00
499,21/3/2019 0:00:00
500,26/4/2017 0:00:00
501,21/9/2016 0:00:00
504,23/11/2013 0:00:00
505,24/11/2013 0:00:00
506,24/11/2013 0:00:00
507,27/11/2013 0:00:00
508,24/11/2013 0:00:00
509,27/11/2013 0:00:00
510,25/3/2012 0:00:00
511,26/2/2020 0:00:00
512,13/3/2012 0:00:00
513,19/4/2016 0:00:00
514,26/9/2020 0:00:00
515,30/10/2017 0:00:00
516,18/1/2012 0:00:00
517,5/7/2017 0:00:00
518,19/1/2011 0:00:00
519,13/4/2016 0:00:00
520,8/11/2009 0:00:00
521,10/7/2011 0:00:00
522,27/1/2015 0:00:00
523,12/3/2019 0:00:00
524,2/3/2016 0:00:00
525,27/1/2016 0:00:00
526,14/6/2011 0:00:00
527,7/2/2010 0:00:00
528,14/11/2017 0:00:00
529,29/2/2020 0:00:00
530,13/7/2019 0:00:00
531,1/10/2016 0:00:00
532,21/9/2019 0:00:00
533,20/9/2014 0:00:00
534,23/4/2011 0:00:00
535,14/6/2011 0:00:00
536,24/5/2010 0:00:00
537,9/12/2013 0:00:00
539,9/2/2016 0:00:00
540,22/4/2015 0:00:00
542,6/9/2015 0:00:00
543,25/11/2017 0:00:00
544,26/8/2012 0:00:00
545,21/7/2019 0:00:00
546,24/1/2015 0:00:00
547,21/4/2012 0:00:00
548,6/6/2012 0:00:00
549,7/12/2011 0:00:00
550,30/9/2014 0:00:00
551,24/6/2014 0:00:00
552,29/5/2019 0:00:00
553,14/1/2015 0:00:00
554,31/1/2015 0:00:00
555,10/6/2017 0:00:00
556,
557,31/1/2015 0:00:00
558,2/2/2015 0:00:00
559,26/4/2014 0:00:00
560,30/3/2017 0:00:00
561,21/10/2009 0:00:00
562,26/12/2013 0:00:00
563,18/1/2012 0:00:00
564,18/6/2019 0:00:00
565,2/4/2014 0:00:00
566,7/9/2017 0:00:00
567,19/4/2014 0:00:00
568,2/8/2016 0:00:00
569,27/7/2020 0:00:00
570,27/4/2017 0:00:00
571,17/1/2017 0:00:00
572,27/5/2012 0:00:00
573,18/4/2015 0:00:00
574,28/9/2015 0:00:00
576,5/9/2018 0:00:00
577,9/2/2016 0:00:00
578,3/5/2014 0:00:00
579,5/6/2013 0:00:00
580,17/8/2014 0:00:00
581,8/1/2019 0:00:00
582,3/1/2011 0:00:00
584,9/6/2013 0:00:00
585,
586,21/1/2010 0:00:00
587,28/10/2014 0:00:00
588,28/10/2014 0:00:00
589,1/11/2015 0:00:00
590,19/3/2017 0:00:00
591,29/12/2014 0:00:00
592,15/4/2018 0:00:00
593,14/9/2010 0:00:00
594,7/9/2010 0:00:00
595,4/2/2015 0:00:00
596,26/3/2013 0:00:00
597,26/3/2015 0:00:00
599,16/9/2014 0:00:00
600,15/5/2016 0:00:00
601,15/5/2016 0:00:00
602,15/5/2016 0:00:00
603,15/5/2016 0:00:00
604,15/5/2016 0:00:00
605,15/5/2016 0:00:00
606,15/5/2016 0:00:00
607,15/5/2016 0:00:00
608,15/5/2016 0:00:00
609,15/5/2016 0:00:00
610,3/4/2014 0:00:00
611,2/4/2014 0:00:00
612,27/10/2016 0:00:00
613,10/10/2019 0:00:00
614,15/9/2010 0:00:00
615,28/12/2015 0:00:00
616,27/3/2017 0:00:00
617,16/1/2017 0:00:00
618,11/1/2020 0:00:00
619,12/4/2014 0:00:00
620,29/9/2015 0:00:00
621,9/6/2014 0:00:00
623,3/5/2014 0:00:00
624,7/10/2020 0:00:00
625,
626,7/10/2020 0:00:00
627,22/11/2011 0:00:00
628,27/4/2011 0:00:00
629,1/8/2017 0:00:00
630,28/11/2020 0:00:00
631,18/4/2011 0:00:00
632,2/1/2011 0:00:00
633,14/10/2019 0:00:00
634,2/12/2015 0:00:00
635,5/5/2016 0:00:00
636,9/3/2019 0:00:00
637,14/7/2019 0:00:00
638,4/7/2012 0:00:00
639,11/11/2014 0:00:00
640,30/4/2012 0:00:00
641,4/3/2014 0:00:00
642,24/12/2011 0:00:00
643,1/4/2017 0:00:00
644,7/6/2016 0:00:00
645,24/11/2016 0:00:00
646,14/9/2020 0:00:00
647,24/8/2014 0:00:00
648,25/3/2017 0:00:00
649,26/12/2018 0:00:00
650,23/2/2015 0:00:00
651,22/6/2015 0:00:00
652,27/8/2019 0:00:00
653,9/9/2019 0:00:00
654,12/1/2016 0:00:00
655,12/1/2016 0:00:00
656,21/2/2017 0:00:00
657,14/10/2012 0:00:00
658,24/5/2014 0:00:00
659,18/6/2019 0:00:00
660,3/1/2011 0:00:00
661,23/9/2012 0:00:00
662,13/10/2018 0:00:00
663,
665,9/2/2015 0:00:00
666,22/4/2014 0:00:00
667,24/2/2014 0:00:00
668,16/7/2016 0:00:00
669,10/9/2011 0:00:00
670,7/4/2011 0:00:00
671,8/4/2015 0:00:00
672,1/9/2015 0:00:00
673,25/2/2018 0:00:00
674,10/9/2017 0:00:00
675,18/6/2019 0:00:00
676,19/3/2012 0:00:00
677,6/3/2012 0:00:00
678,27/4/2019 0:00:00
679,12/4/2014 0:00:00
680,9/4/2020 0:00:00
681,1/9/2020 0:00:00
682,1/1/2014 0:00:00
683,9/4/2014 0:00:00
684,26/9/2020 0:00:00
685,29/6/2017 0:00:00
686,1/1/2014 0:00:00
687,11/6/2011 0:00:00
688,13/12/2014 0:00:00
689,18/5/2016 0:00:00
690,14/12/2011 0:00:00
691,6/5/2018 0:00:00
692,6/5/2018 0:00:00
693,19/11/2013 0:00:00
694,10/9/2014 0:00:00
695,18/4/2015 0:00:00
696,18/6/2019 0:00:00
697,14/5/2015 0:00:00
698,17/6/2017 0:00:00
699,
700,10/9/2014 0:00:00
701,7/4/2015 0:00:00
702,4/12/2014 0:00:00
703,25/5/2017 0:00:00
704,6/4/2014 0:00:00
705,25/11/2010 0:00:00
706,18/6/2019 0:00:00
707,20/11/2010 0:00:00
708,18/6/2019 0:00:00
709,27/11/2010 0:00:00
710,14/5/2016 0:00:00
711,20/11/2010 0:00:00
712,18/6/2019 0:00:00
713,7/7/2020 0:00:00
714,8/1/2015 0:00:00
715,3/12/2018 0:00:00
716,13/5/2019 0:00:00
717,31/12/2014 0:00:00
718,24/1/2010 0:00:00
719,10/3/2019 0:00:00
720,11/5/2019 0:00:00
721,12/5/2019 0:00:00
722,13/5/2019 0:00:00
723,18/6/2019 0:00:00
724,22/4/2020 0:00:00
725,29/3/2017 0:00:00
726,16/8/2014 0:00:00
727,3/4/2010 0:00:00
728,18/10/2014 0:00:00
729,27/8/2015 0:00:00
730,4/6/2015 0:00:00
731,18/1/2018 0:00:00
732,19/12/2016 0:00:00
733,18/5/2019 0:00:00
734,19/5/2019 0:00:00
735,18/5/2019 0:00:00
736,19/5/2019 0:00:00
737,14/2/2011 0:00:00
738,20/5/2019 0:00:00
739,25/9/2017 0:00:00
740,15/5/2019 0:00:00
741,5/3/2020 0:00:00
742,29/10/2015 0:00:00
743,27/7/2011 0:00:00
744,27/1/2016 0:00:00
745,22/12/2014 0:00:00
747,19/6/2014 0:00:00
748,23/11/2019 0:00:00
749,20/5/2015 0:00:00
750,20/5/2015 0:00:00
751,28/10/2017 0:00:00
752,18/6/2019 0:00:00
753,15/7/2012 0:00:00
754,22/5/2019 0:00:00
755,23/5/2019 0:00:00
756,19/5/2019 0:00:00
757,20/5/2019 0:00:00
758,11/4/2011 0:00:00
759,7/4/2014 0:00:00
760,24/11/2018 0:00:00
761,23/5/2019 0:00:00
762,19/5/2019 0:00:00
763,21/9/2020 0:00:00
764,20/5/2019 0:00:00
765,25/11/2018 0:00:00
766,21/5/2019 0:00:00
768,22/5/2019 0:00:00
769,18/5/2019 0:00:00
770,19/5/2019 0:00:00
771,18/6/2019 0:00:00
772,22/5/2019 0:00:00
773,26/5/2019 0:00:00
774,23/5/2019 0:00:00
775,21/5/2019 0:00:00
776,23/5/2019 0:00:00
777,27/4/2014 0:00:00
778,18/5/2019 0:00:00
779,11/7/2013 0:00:00
780,22/5/2019 0:00:00
781,18/5/2019 0:00:00
782,2/9/2013 0:00:00
783,2/9/2013 0:00:00
784,2/9/2013 0:00:00
785,19/5/2019 0:00:00
786,21/5/2019 0:00:00
787,3/9/2020 0:00:00
788,23/2/2017 0:00:00
789,11/4/2016 0:00:00
790,11/4/2016 0:00:00
791,26/5/2019 0:00:00
792,5/6/2018 0:00:00
793,29/5/2019 0:00:00
794,25/5/2019 0:00:00
795,26/5/2019 0:00:00
797,27/5/2019 0:00:00
798,29/5/2019 0:00:00
799,30/1/2017 0:00:00
800,30/5/2019 0:00:00
801,26/5/2019 0:00:00
802,1/4/2013 0:00:00
803,1/4/2013 0:00:00
804,27/5/2019 0:00:00
805,28/5/2019 0:00:00
806,14/10/2014 0:00:00
807,28/5/2019 0:00:00
808,29/5/2019 0:00:00
809,5/7/2015 0:00:00
810,27/5/2019 0:00:00
811,4/3/2013 0:00:00
812,2/2/2014 0:00:00
813,30/5/2019 0:00:00
815,31/12/2016 0:00:00
816,1/6/2019 0:00:00
817,21/8/2016 0:00:00
818,28/5/2019 0:00:00
819,8/6/2016 0:00:00
820,2/11/2014 0:00:00
821,4/3/2013 0:00:00
822,1/6/2019 0:00:00
823,28/5/2019 0:00:00
824,29/5/2019 0:00:00
825,22/12/2013 0:00:00
826,2/6/2019 0:00:00
828,10/6/2019 0:00:00
829,5/10/2016 0:00:00
830,4/3/2013 0:00:00
831,30/5/2019 0:00:00
832,13/2/2016 0:00:00
833,29/5/2019 0:00:00
834,30/5/2019 0:00:00
835,1/6/2019 0:00:00
836,4/11/2020 0:00:00
837,2/6/2019 0:00:00
838,30/5/2019 0:00:00
839,3/12/2011 0:00:00
840,4/5/2011 0:00:00
841,24/10/2016 0:00:00
842,1/2/2020 0:00:00
843,11/6/2019 0:00:00
844,11/6/2019 0:00:00
845,25/7/2016 0:00:00
846,14/6/2016 0:00:00
847,8/6/2019 0:00:00
848,11/6/2019 0:00:00
849,8/6/2019 0:00:00
850,26/2/2012 0:00:00
851,8/9/2015 0:00:00
852,9/6/2019 0:00:00
853,13/6/2019 0:00:00
855,15/2/2014 0:00:00
856,10/4/2013 0:00:00
857,8/6/2019 0:00:00
858,10/4/2013 0:00:00
859,9/6/2019 0:00:00
860,10/4/2013 0:00:00
861,10/6/2019 0:00:00
862,9/6/2019 0:00:00
863,15/1/2019 0:00:00
864,8/6/2019 0:00:00
865,17/9/2014 0:00:00
866,10/6/2019 0:00:00
867,3/6/2013 0:00:00
868,31/10/2020 0:00:00
869,30/4/2014 0:00:00
870,3/6/2018 0:00:00
871,8/6/2019 0:00:00
872,9/6/2019 0:00:00
873,1/7/2015 0:00:00
874,10/6/2019 0:00:00
875,24/8/2015 0:00:00
876,16/4/2011 0:00:00
877,11/6/2019 0:00:00
878,11/6/2019 0:00:00
879,24/9/2014 0:00:00
880,13/6/2019 0:00:00
881,11/6/2019 0:00:00
882,14/6/2014 0:00:00
883,13/6/2019 0:00:00
884,26/2/2012 0:00:00
885,12/7/2015 0:00:00
886,8/6/2019 0:00:00
887,9/6/2019 0:00:00
888,11/6/2019 0:00:00
889,18/6/2014 0:00:00
890,2/12/2018 0:00:00
891,9/11/2017 0:00:00
892,12/6/2019 0:00:00
893,8/6/2019 0:00:00
894,9/6/2019 0:00:00
895,11/6/2019 0:00:00
896,9/6/2019 0:00:00
897,12/6/2019 0:00:00
898,8/6/2019 0:00:00
899,16/9/2018 0:00:00
900,9/6/2019 0:00:00
901,10/6/2019 0:00:00
902,11/6/2019 0:00:00
903,8/6/2019 0:00:00
904,11/6/2019 0:00:00
905,13/6/2019 0:00:00
906,31/10/2017 0:00:00
907,10/6/2019 0:00:00
908,9/8/2012 0:00:00
909,27/11/2012 0:00:00
910,22/9/2018 0:00:00
911,6/8/2012 0:00:00
912,19/7/2016 0:00:00
914,18/3/2020 0:00:00
915,9/12/2019 0:00:00
916,9/6/2019 0:00:00
917,21/1/2012 0:00:00
918,9/6/2019 0:00:00
919,12/6/2019 0:00:00
920,14/12/2015 0:00:00
921,8/6/2014 0:00:00
922,12/6/2019 0:00:00
923,23/3/2014 0:00:00
924,12/6/2019 0:00:00
925,11/6/2019 0:00:00
926,12/6/2019 0:00:00
927,13/6/2019 0:00:00
928,19/6/2019 0:00:00
929,9/6/2019 0:00:00
930,16/10/2016 0:00:00
931,10/6/2019 0:00:00
932,11/6/2019 0:00:00
933,11/6/2019 0:00:00
934,12/6/2019 0:00:00
935,13/6/2019 0:00:00
936,
937,13/3/2014 0:00:00
938,8/6/2019 0:00:00
939,13/2/2016 0:00:00
940,9/6/2019 0:00:00
941,30/12/2015 0:00:00
942,11/6/2019 0:00:00
943,5/12/2015 0:00:00
944,3/3/2016 0:00:00
945,13/6/2019 0:00:00
946,20/3/2011 0:00:00
947,8/6/2019 0:00:00
948,9/6/2019 0:00:00
949,10/6/2019 0:00:00
950,12/6/2019 0:00:00
951,24/9/2014 0:00:00
952,9/6/2019 0:00:00
953,10/6/2019 0:00:00
954,11/6/2019 0:00:00
955,8/6/2019 0:00:00
956,16/11/2013 0:00:00
957,10/6/2019 0:00:00
958,13/6/2019 0:00:00
959,8/6/2019 0:00:00
960,10/6/2019 0:00:00
961,27/9/2016 0:00:00
962,11/6/2019 0:00:00
963,12/6/2019 0:00:00
964,8/6/2019 0:00:00
965,11/6/2019 0:00:00
966,8/6/2019 0:00:00
967,8/6/2019 0:00:00
968,24/1/2015 0:00:00
969,17/12/2017 0:00:00
970,20/12/2017 0:00:00
971,4/4/2019 0:00:00
972,19/5/2010 0:00:00
973,3/8/2014 0:00:00
974,12/6/2019 0:00:00
975,8/6/2019 0:00:00
976,9/6/2019 0:00:00
977,15/1/2019 0:00:00
978,10/6/2019 0:00:00
979,12/6/2019 0:00:00
980,13/6/2019 0:00:00
981,9/6/2019 0:00:00
982,10/6/2019 0:00:00
983,18/6/2019 0:00:00
984,9/2/2012 0:00:00
985,9/6/2019 0:00:00
986,24/12/2018 0:00:00
987,19/12/2016 0:00:00
988,14/1/2017 0:00:00
989,19/12/2016 0:00:00
990,18/6/2019 0:00:00
991,17/9/2012 0:00:00
992,29/12/2014 0:00:00
993,12/2/2015 0:00:00
994,11/2/2015 0:00:00
995,4/2/2015 0:00:00
996,21/7/2015 0:00:00
997,19/11/2012 0:00:00
998,22/5/2014 0:00:00
999,31/12/2014 0:00:00
1000,20/1/2015 0:00:00
1001,12/12/2017 0:00:00
1002,19/6/2016 0:00:00
1003,23/5/2012 0:00:00
1004,23/2/2010 0:00:00
1005,28/12/2016 0:00:00
1006,29/4/2015 0:00:00
1007,20/9/2012 0:00:00
1008,22/5/2010 0:00:00
1009,19/6/2019 0:00:00
1010,17/6/2019 0:00:00
1011,18/6/2019 0:00:00
1012,17/6/2019 0:00:00
1013,15/6/2019 0:00:00
1014,8/10/2012 0:00:00
1015,17/6/2019 0:00:00
1016,5/5/2011 0:00:00
1017,16/6/2019 0:00:00
1018,18/6/2019 0:00:00
1019,15/11/2017 0:00:00
1020,18/6/2019 0:00:00
1021,27/1/2019 0:00:00
1022,17/2/2011 0:00:00
1023,27/12/2010 0:00:00
1024,25/12/2013 0:00:00
1025,16/6/2019 0:00:00
1026,17/6/2019 0:00:00
1027,18/6/2019 0:00:00
1028,19/6/2019 0:00:00
1029,13/6/2019 0:00:00
1030,15/6/2019 0:00:00
1031,9/8/2016 0:00:00
1032,9/8/2016 0:00:00
1033,16/6/2019 0:00:00
1034,13/6/2019 0:00:00
1035,18/6/2019 0:00:00
1036,1/10/2012 0:00:00
1037,2/9/2012 0:00:00
1038,19/6/2019 0:00:00
1039,23/11/2017 0:00:00
1040,24/10/2017 0:00:00
1041,16/6/2019 0:00:00
1042,14/1/2019 0:00:00
1043,14/1/2019 0:00:00
1044,10/9/2011 0:00:00
1045,17/6/2019 0:00:00
1046,18/6/2019 0:00:00
1047,6/1/2016 0:00:00
1048,13/6/2019 0:00:00
1049,17/6/2019 0:00:00
1050,11/12/2017 0:00:00
1051,14/1/2018 0:00:00
1052,21/9/2014 0:00:00
1054,14/9/2009 0:00:00
1055,28/11/2016 0:00:00
1056,26/10/2016 0:00:00
1057,8/4/2017 0:00:00
1059,18/6/2019 0:00:00
1060,12/5/2011 0:00:00
1061,7/9/2011 0:00:00
1062,30/4/2015 0:00:00
1063,29/9/2018 0:00:00
1064,3/12/2011 0:00:00
1065,28/6/2018 0:00:00
1066,27/11/2013 0:00:00
1067,27/3/2014 0:00:00
1068,2/7/2017 0:00:00
1069,23/6/2009 0:00:00
1070,20/2/2013 0:00:00
1072,20/7/2020 0:00:00
1073,25/11/2014 0:00:00
1074,1/11/2015 0:00:00
1075,26/4/2018 0:00:00
1076,20/6/2018 0:00:00
1077,18/11/2013 0:00:00
1078,20/2/2013 0:00:00
1079,29/1/2019 0:00:00
1080,13/7/2015 0:00:00
1081,14/1/2018 0:00:00
1082,19/5/2011 0:00:00
1083,17/2/2010 0:00:00
1084,9/6/2010 0:00:00
1085,11/2/2018 0:00:00
1086,5/6/2018 0:00:00
1087,2/7/2017 0:00:00
1088,26/11/2016 0:00:00
1089,22/5/2011 0:00:00
1090,14/11/2013 0:00:00
1091,2/9/2014 0:00:00
1092,5/12/2019 0:00:00
1093,16/2/2020 0:00:00
1094,3/2/2014 0:00:00
1095,4/6/2017 0:00:00
1096,19/11/2013 0:00:00
1097,14/5/2012 0:00:00
1098,5/2/2011 0:00:00
1099,5/7/2015 0:00:00
1100,26/10/2019 0:00:00
1101,29/6/2019 0:00:00
1102,9/1/2020 0:00:00
1103,14/6/2011 0:00:00
1104,8/11/2017 0:00:00
1105,4/5/2019 0:00:00
1106,14/4/2012 0:00:00
1107,3/4/2011 0:00:00
1108,11/3/2014 0:00:00
1109,20/1/2020 0:00:00
1110,20/9/2020 0:00:00
1111,5/5/2019 0:00:00
1112,20/6/2011 0:00:00
1113,30/1/2014 0:00:00
1114,28/5/2019 0:00:00
1115,8/12/2013 0:00:00
1116,5/2/2020 0:00:00
1117,13/2/2020 0:00:00
1118,26/2/2020 0:00:00
1119,29/10/2019 0:00:00
1120,2/7/2019 0:00:00
1121,11/4/2019 0:00:00
1122,20/2/2012 0:00:00
1123,31/10/2018 0:00:00
1124,12/3/2017 0:00:00
1125,27/6/2015 0:00:00
1126,30/6/2016 0:00:00
1127,29/7/2019 0:00:00
1131,12/7/2020 0:00:00
1132,
1139,31/12/2018 0:00:00
1140,15/1/2019 0:00:00
1142,21/1/2021 0:00:00
1145,
1146,28/8/2017 0:00:00
1148,22/5/2018 0:00:00
1152,30/10/2014 0:00:00
1153,20/11/2016 0:00:00
1154,27/1/2015 0:00:00
1155,27/8/2015 0:00:00
1156,12/2/2018 0:00:00
1157,25/12/2019 0:00:00
1158,1/12/2019 0:00:00
1159,29/9/2011 0:00:00
1160,30/12/2012 0:00:00
1161,25/5/2011 0:00:00
1166,10/2/2020 0:00:00
1167,
1168,21/2/2018 0:00:00
1171,6/12/2017 0:00:00
1174,19/5/2014 0:00:00
1175,
1176,25/9/2017 0:00:00
1177,
1178,7/3/2019 0:00:00
1179,16/1/2020 0:00:00
1181,
1186,
1188,10/5/2017 0:00:00
1189,24/6/2019 0:00:00
1190,
1191,
1193,22/3/2017 0:00:00
1194,5/3/2019 0:00:00
1198,2/4/2019 0:00:00
1205,17/2/2020 0:00:00
1206,18/2/2018 0:00:00
1208,5/3/2019 0:00:00
1209,22/12/2015 0:00:00
1210,1/7/2020 0:00:00
1211,24/6/2019 0:00:00
1212,14/11/2019 0:00:00
1213,17/8/2014 0:00:00
1215,
1217,3/12/2020 0:00:00
1218,9/8/2011 0:00:00
1219,8/3/2016 0:00:00
1220,11/9/2014 0:00:00
1222,18/11/2020 0:00:00
1223,
1224,23/9/2019 0:00:00
1225,
1226,14/6/2020 0:00:00
1227,27/1/2020 0:00:00
1228,8/7/2020 0:00:00
1229,
1230,12/1/2021 0:00:00
1231,22/8/2016 0:00:00
1232,20/11/2017 0:00:00
1234,
1235,7/2/2021 0:00:00
1241,
1246,15/6/2016 0:00:00
1249,15/8/2018 0:00:00
1250,28/10/2018 0:00:00
1251,17/12/2018 0:00:00
1252,22/12/2019 0:00:00
1256,24/12/2020 0:00:00
1257,21/12/2020 0:00:00
1258,24/12/2020 0:00:00
1259,21/12/2020 0:00:00
1260,21/12/2020 0:00:00
1261,28/12/2020 0:00:00
1262,24/12/2020 0:00:00
1263,24/12/2020 0:00:00
1264,28/12/2020 0:00:00
1265,1/2/2021 0:00:00
1267,
1268,15/4/2019 0:00:00
1269,28/12/2020 0:00:00
1270,28/12/2020 0:00:00
1271,31/12/2020 0:00:00
1272,31/12/2020 0:00:00
1273,
1274,17/12/2018 0:00:00
1275,13/12/2020 0:00:00
1276,14/1/2021 0:00:00
1277,11/1/2021 0:00:00
1278,14/1/2021 0:00:00
1279,29/12/2020 0:00:00
1280,5/1/2021 0:00:00
1281,15/3/2020 0:00:00
1282,9/12/2019 0:00:00
1286,9/1/2021 0:00:00
1287,25/1/2021 0:00:00
1289,4/2/2021 0:00:00
1290,25/1/2021 0:00:00
1291,13/2/2021 0:00:00
1293,4/1/2021 0:00:00
1294,4/3/2021 0:00:00
1295,
1296,
1297,
1298,
1299,
1300,
1301,
1302,24/1/2021 0:00:00
1306,31/1/2021 0:00:00
